timestamp,temperature,day_Saturday,day_Sunday,holiday_1.0,peak_day,load (t-1)
2013-06-16,81.43,0,1,0,0.0,19032.4
2013-06-17,85.02,0,0,0,0.0,19651.1
2013-06-18,82.18,0,0,0,0.0,24869.200000000004
2013-06-19,75.95,0,0,0,0.0,24071.300000000007
2013-06-20,78.49,0,0,0,0.0,21795.2
2013-06-21,81.48,0,0,0,0.0,22664.500000000004
2013-06-22,82.74,1,0,0,0.0,23527.2
2013-06-23,86.87,0,1,0,0.0,22154.7
2013-06-24,92.62,0,0,0,0.0,24539.6
2013-06-25,91.49,0,0,0,0.0,30057.4
2013-06-26,85.83,0,0,0,0.0,29566.2
2013-06-27,84.71,0,0,0,0.0,27853.5
2013-06-28,85.88,0,0,0,0.0,27971.800000000007
2013-06-29,83.64,1,0,0,0.0,26524.3
2013-06-30,83.23,0,1,0,0.0,23842.3
2013-07-01,75.76,0,0,0,0.0,23536.300000000007
2013-07-02,82.13,0,0,0,0.0,24523.2
2013-07-03,83.73,0,0,0,0.0,26524.3
2013-07-04,89.24,0,0,1,0.0,28176.4
2013-07-05,90.46,0,0,0,0.0,26227.4
2013-07-06,92.94,1,0,0,0.0,29596.8
2013-07-07,93.05,0,1,0,0.0,28173.9
2013-07-08,88.74,0,0,0,0.0,28347.8
2013-07-09,87.84,0,0,0,0.0,30512.4
2013-07-10,86.29,0,0,0,0.0,29838.9
2013-07-11,84.71,0,0,0,0.0,29617.3
2013-07-12,76.78,0,0,0,0.0,27610.4
2013-07-13,78.7,1,0,0,0.0,24901.000000000004
2013-07-14,90.49,0,1,0,0.0,23401.5
2013-07-15,93.75,0,0,0,0.0,28194.800000000007
2013-07-16,93.06,0,0,0,0.0,32805.8
2013-07-17,94.44,0,0,0,1.0,32487.0
2013-07-18,96.92,0,0,0,1.0,33317.4
2013-07-19,96.6,0,0,0,1.0,33499.5
2013-07-20,92.47,1,0,0,0.0,34024.6
2013-07-21,86.19,0,1,0,0.0,28547.300000000007
2013-07-22,81.75,0,0,0,0.0,25660.4
2013-07-23,86.92,0,0,0,0.0,28538.300000000007
2013-07-24,81.07,0,0,0,0.0,29567.4
2013-07-25,69.27,0,0,0,0.0,26023.9
2013-07-26,81.55,0,0,0,0.0,20973.5
2013-07-27,82.41,1,0,0,0.0,23515.0
2013-07-28,78.15,0,1,0,0.0,22511.6
2013-07-29,83.9,0,0,0,0.0,21418.4
2013-07-30,79.87,0,0,0,0.0,26017.7
2013-07-31,80.91,0,0,0,0.0,24294.5
2013-08-01,74.49,0,0,0,0.0,24909.300000000007
2013-08-02,83.57,0,0,0,0.0,23307.2
2013-08-03,77.65,1,0,0,0.0,24623.1
2013-08-04,79.17,0,1,0,0.0,21047.1
2013-08-05,77.68,0,0,0,0.0,20578.4
2013-08-06,79.95,0,0,0,0.0,22498.6
2013-08-07,77.96,0,0,0,0.0,23380.800000000007
2013-08-08,80.75,0,0,0,0.0,24032.4
2013-08-09,85.17,0,0,0,0.0,25802.5
2013-08-10,82.79,1,0,0,0.0,26306.5
2013-08-11,80.65,0,1,0,0.0,22348.2
2013-08-12,80.62,0,0,0,0.0,20983.1
2013-08-13,76.6,0,0,0,0.0,24746.9
2013-08-14,73.57,0,0,0,0.0,23549.9
2013-08-15,76.68,0,0,0,0.0,21369.1
2013-08-16,78.65,0,0,0,0.0,21981.0
2013-08-17,80.35,1,0,0,0.0,22438.7
2013-08-18,76.14,0,1,0,0.0,20932.500000000004
2013-08-19,78.2,0,0,0,0.0,20125.3
2013-08-20,86.41,0,0,0,0.0,23801.4
2013-08-21,88.03,0,0,0,0.0,26535.1
2013-08-22,75.89,0,0,0,0.0,27930.9
2013-08-23,80.25,0,0,0,0.0,26403.7
2013-08-24,78.05,1,0,0,0.0,24386.6
2013-08-25,81.69,0,1,0,0.0,20518.6
2013-08-26,81.03,0,0,0,0.0,21139.300000000007
2013-08-27,85.55,0,0,0,0.0,24460.5
2013-08-28,83.6,0,0,0,0.0,27143.900000000005
2013-08-29,78.49,0,0,0,0.0,27114.9
2013-08-30,84.17,0,0,0,0.0,25875.4
2013-08-31,85.03,1,0,0,0.0,26620.400000000005
2013-09-01,83.12,0,1,0,0.0,24543.6
2013-09-02,79.52,0,0,1,0.0,24096.6
2013-09-03,80.58,0,0,0,0.0,24170.7
2013-09-04,80.77,0,0,0,0.0,24597.099999999995
2013-09-05,76.7,0,0,0,0.0,24399.7
2013-09-06,70.31,0,0,0,0.0,22487.6
2013-09-07,77.86,1,0,0,0.0,20148.8
2013-09-08,79.99,0,1,0,0.0,19063.6
2013-09-09,71.07,0,0,0,0.0,19823.9
2013-09-10,84.92,0,0,0,0.0,20774.800000000007
2013-09-11,93.41,0,0,0,0.0,26152.0
2013-09-12,83.94,0,0,0,0.0,31307.1
2013-09-13,75.15,0,0,0,0.0,26904.0
2013-09-14,65.39,1,0,0,0.0,22308.6
2014-06-16,80.18,0,0,0,0.0,18598.1
2014-06-17,88.46,0,0,0,0.0,23272.1
2014-06-18,88.52,0,0,0,0.0,27003.800000000007
2014-06-19,76.84,0,0,0,0.0,26904.5
2014-06-20,79.69,0,0,0,0.0,23366.1
2014-06-21,76.06,1,0,0,0.0,22177.2
2014-06-22,77.32,0,1,0,0.0,19023.000000000004
2014-06-23,80.93,0,0,0,0.0,19541.4
2014-06-24,80.41,0,0,0,0.0,24169.6
2014-06-25,84.04,0,0,0,0.0,24805.3
2014-06-26,84.92,0,0,0,0.0,25881.2
2014-06-27,81.02,0,0,0,0.0,26492.5
2014-06-28,85.65,1,0,0,0.0,25177.2
2014-06-29,81.57,0,1,0,0.0,23188.1
2014-06-30,83.17,0,0,0,0.0,22810.4
2014-07-01,87.78,0,0,0,1.0,27273.9
2014-07-02,89.81,0,0,0,1.0,29442.2
2014-07-03,86.91,0,0,0,0.0,29281.9
2014-07-04,72.5,0,0,1,0.0,28000.7
2014-07-05,81.58,1,0,0,0.0,19727.3
2014-07-06,84.77,0,1,0,0.0,19680.1
2014-07-07,90.19,0,0,0,0.0,21699.4
2014-07-08,91.39,0,0,0,0.0,27556.4
2014-07-09,87.07,0,0,0,0.0,29045.8
2014-07-10,82.14,0,0,0,0.0,26903.700000000004
2014-07-11,83.68,0,0,0,0.0,25081.4
2014-07-12,84.51,1,0,0,0.0,25301.6
2014-07-13,81.9,0,1,0,0.0,23715.2
2014-07-14,83.18,0,0,0,0.0,22884.700000000004
2014-07-15,83.57,0,0,0,0.0,26743.9
2014-07-16,80.99,0,0,0,0.0,26345.6
2014-07-17,79.74,0,0,0,0.0,23963.7
2014-07-18,81.07,0,0,0,0.0,23159.4
2014-07-19,76.22,1,0,0,0.0,23367.1
2014-07-20,76.98,0,1,0,0.0,19916.2
2014-07-21,83.28,0,0,0,0.0,20787.4
2014-07-22,86.11,0,0,0,0.0,26135.6
2014-07-23,88.53,0,0,0,0.0,28582.7
2014-07-24,79.98,0,0,0,0.0,28904.2
2014-07-25,81.66,0,0,0,0.0,24411.7
2014-07-26,79.58,1,0,0,0.0,23962.4
2014-07-27,86.08,0,1,0,0.0,21142.7
2014-07-28,82.12,0,0,0,0.0,24249.700000000004
2014-07-29,75.38,0,0,0,0.0,24951.6
2014-07-30,79.03,0,0,0,0.0,21966.3
2014-07-31,81.75,0,0,0,0.0,22502.5
2014-08-01,82.78,0,0,0,0.0,23612.5
2014-08-02,73.17,1,0,0,0.0,25172.700000000004
2014-08-03,75.12,0,1,0,0.0,20631.8
2014-08-04,82.55,0,0,0,0.0,20167.9
2014-08-05,87.28,0,0,0,0.0,25711.9
2014-08-06,82.85,0,0,0,0.0,26577.1
2014-08-07,81.85,0,0,0,0.0,24968.9
2014-08-08,81.22,0,0,0,0.0,23849.1
2014-08-09,84.16,1,0,0,0.0,23321.2
2014-08-10,85.94,0,1,0,0.0,21882.3
2014-08-11,84.72,0,0,0,0.0,22917.8
2014-08-12,77.98,0,0,0,0.0,26170.4
2014-08-13,81.74,0,0,0,0.0,24058.3
2014-08-14,77.25,0,0,0,0.0,24096.700000000004
2014-08-15,71.65,0,0,0,0.0,21719.2
2014-08-16,78.21,1,0,0,0.0,20477.9
2014-08-17,81.14,0,1,0,0.0,18892.6
2014-08-18,80.37,0,0,0,0.0,19958.800000000007
2014-08-19,80.1,0,0,0,0.0,22712.300000000007
2014-08-20,81.98,0,0,0,0.0,23335.7
2014-08-21,79.06,0,0,0,0.0,24816.2
2014-08-22,74.97,0,0,0,0.0,24555.1
2014-08-23,72.84,1,0,0,0.0,23084.0
2014-08-24,78.1,0,1,0,0.0,19334.6
2014-08-25,85.92,0,0,0,0.0,20297.9
2014-08-26,85.53,0,0,0,0.0,25480.800000000007
2014-08-27,89.31,0,0,0,0.0,26866.4
2014-08-28,79.49,0,0,0,0.0,27327.5
2014-08-29,77.48,0,0,0,0.0,23636.700000000004
2014-08-30,76.97,1,0,0,0.0,22015.5
2014-08-31,88.93,0,1,0,0.0,20517.0
2014-09-01,86.67,0,0,1,0.0,23111.9
2014-09-02,90.99,0,0,0,1.0,25599.0
2014-09-03,84.07,0,0,0,0.0,29821.700000000004
2014-09-04,85.95,0,0,0,0.0,26286.5
2014-09-05,84.35,0,0,0,0.0,27054.4
2014-09-06,90.15,1,0,0,0.0,28931.4
2014-09-07,78.86,0,1,0,0.0,25763.4
2014-09-08,74.54,0,0,0,0.0,20737.700000000004
2014-09-09,71.89,0,0,0,0.0,21985.1
2014-09-10,75.65,0,0,0,0.0,21188.800000000007
2014-09-11,81.6,0,0,0,0.0,22200.7
2014-09-12,75.93,0,0,0,0.0,23164.6
2014-09-13,67.53,1,0,0,0.0,20727.9
2014-09-14,69.36,0,1,0,0.0,18096.599999999995
2015-06-16,75.63,0,0,0,0.0,24190.6
2015-06-17,78.09,0,0,0,0.0,23526.6
2015-06-18,68.89,0,0,0,0.0,22770.8
2015-06-19,84.75,0,0,0,0.0,21765.200000000004
2015-06-20,73.31,1,0,0,0.0,24063.1
2015-06-21,88.09,0,1,0,0.0,18824.4
2015-06-22,87.63,0,0,0,0.0,23380.300000000007
2015-06-23,88.97,0,0,0,0.0,26595.3
2015-06-24,82.82,0,0,0,0.0,28222.4
2015-06-25,82.27,0,0,0,0.0,24949.5
2015-06-26,78.75,0,0,0,0.0,24060.9
2015-06-27,69.44,1,0,0,0.0,23506.6
2015-06-28,72.0,0,1,0,0.0,18541.0
2015-06-29,76.91,0,0,0,0.0,17993.100000000002
2015-06-30,81.18,0,0,0,0.0,20970.9
2015-07-01,82.65,0,0,0,0.0,22783.000000000004
2015-07-02,79.27,0,0,0,0.0,23871.0
2015-07-03,80.83,0,0,1,0.0,22452.800000000007
2015-07-04,75.16,1,0,1,0.0,20730.7
2015-07-05,83.15,0,1,0,0.0,18309.7
2015-07-06,81.59,0,0,0,0.0,21428.2
2015-07-07,85.9,0,0,0,0.0,25691.4
2015-07-08,86.83,0,0,0,0.0,28214.6
2015-07-09,76.49,0,0,0,0.0,26779.6
2015-07-10,83.23,0,0,0,0.0,23026.500000000004
2015-07-11,85.53,1,0,0,0.0,24525.2
2015-07-12,87.2,0,1,0,0.0,23251.4
2015-07-13,84.55,0,0,0,0.0,23996.8
2015-07-14,78.45,0,0,0,0.0,27820.9
2015-07-15,79.91,0,0,0,0.0,25534.4
2015-07-16,78.6,0,0,0,0.0,23982.1
2015-07-17,79.31,0,0,0,0.0,22805.2
2015-07-18,84.54,1,0,0,0.0,23154.800000000007
2015-07-19,92.94,0,1,0,0.0,24519.6
2015-07-20,92.58,0,0,0,1.0,27831.8
2015-07-21,87.77,0,0,0,0.0,30733.2
2015-07-22,82.62,0,0,0,0.0,27985.8
2015-07-23,82.44,0,0,0,0.0,24998.9
2015-07-24,83.19,0,0,0,0.0,24713.099999999995
2015-07-25,84.27,1,0,0,0.0,24652.7
2015-07-26,86.96,0,1,0,0.0,23069.1
2015-07-27,83.64,0,0,0,0.0,24521.9
2015-07-28,91.26,0,0,0,0.0,28464.2
2015-07-29,93.18,0,0,0,1.0,30531.7
2015-07-30,85.22,0,0,0,0.0,31204.500000000004
2015-07-31,88.62,0,0,0,0.0,28908.2
2015-08-01,88.02,1,0,0,0.0,27696.9
2015-08-02,86.77,0,1,0,0.0,24243.800000000007
2015-08-03,90.33,0,0,0,0.0,24395.9
2015-08-04,89.45,0,0,0,0.0,28371.0
2015-08-05,86.05,0,0,0,0.0,27654.3
2015-08-06,81.58,0,0,0,0.0,25798.5
2015-08-07,81.75,0,0,0,0.0,24147.8
2015-08-08,80.55,1,0,0,0.0,24161.4
2015-08-09,82.28,0,1,0,0.0,21036.5
2015-08-10,80.41,0,0,0,0.0,21945.7
2015-08-11,78.8,0,0,0,0.0,25141.4
2015-08-12,83.69,0,0,0,0.0,24654.1
2015-08-13,82.11,0,0,0,0.0,25028.6
2015-08-14,86.79,0,0,0,0.0,24417.5
2015-08-15,91.01,1,0,0,0.0,25809.4
2015-08-16,90.2,0,1,0,0.0,25383.4
2015-08-17,92.01,0,0,0,0.0,25958.4
2015-08-18,89.27,0,0,0,0.0,30644.1
2015-08-19,85.05,0,0,0,0.0,29673.6
2015-08-20,84.49,0,0,0,0.0,29590.4
2015-08-21,85.37,0,0,0,0.0,28701.9
2015-08-22,82.47,1,0,0,0.0,25540.8
2015-08-23,81.92,0,1,0,0.0,22063.0
2015-08-24,84.87,0,0,0,0.0,22939.8
2015-08-25,86.6,0,0,0,0.0,26592.300000000007
2015-08-26,81.35,0,0,0,0.0,27111.000000000004
2015-08-27,78.49,0,0,0,0.0,23888.500000000004
2015-08-28,79.4,0,0,0,0.0,22473.800000000007
2015-08-29,83.52,1,0,0,0.0,22744.2
2015-08-30,87.35,0,1,0,0.0,21674.2
2015-08-31,89.7,0,0,0,0.0,23547.4
2015-09-01,86.21,0,0,0,0.0,28707.5
2015-09-02,87.94,0,0,0,0.0,28503.8
2015-09-03,90.85,0,0,0,0.0,29103.6
2015-09-04,81.0,0,0,0,0.0,29491.4
2015-09-05,79.71,1,0,0,0.0,26723.4
2015-09-06,83.07,0,1,0,0.0,22955.4
2015-09-07,89.65,0,0,1,0.0,22779.3
2015-09-08,93.88,0,0,0,1.0,26375.6
2015-09-09,88.46,0,0,0,0.0,31160.999999999996
2015-09-10,77.79,0,0,0,0.0,29511.7
2015-09-11,79.67,0,0,0,0.0,24056.8
2015-09-12,76.83,1,0,0,0.0,23438.6
2015-09-13,77.29,0,1,0,0.0,20447.4
2015-09-14,74.3,0,0,0,0.0,19893.1
2016-06-16,72.98,0,0,0,0.0,23051.2
2016-06-17,75.24,0,0,0,0.0,22373.400000000005
2016-06-18,84.32,1,0,0,0.0,22469.500000000004
2016-06-19,84.99,0,1,0,0.0,21786.3
2016-06-20,82.4,0,0,0,0.0,22247.9
2016-06-21,86.93,0,0,0,0.0,26347.9
2016-06-22,84.63,0,0,0,0.0,25469.300000000007
2016-06-23,81.54,0,0,0,0.0,24217.9
2016-06-24,80.59,0,0,0,0.0,23576.5
2016-06-25,82.27,1,0,0,0.0,23999.1
2016-06-26,83.58,0,1,0,0.0,22511.0
2016-06-27,82.47,0,0,0,0.0,23474.200000000004
2016-06-28,74.91,0,0,0,0.0,25620.2
2016-06-29,83.11,0,0,0,0.0,23541.599999999995
2016-06-30,84.22,0,0,0,0.0,24732.500000000004
2016-07-01,78.95,0,0,0,0.0,24945.1
2016-07-02,76.34,1,0,0,0.0,23638.8
2016-07-03,79.21,0,1,0,0.0,19049.9
2016-07-04,82.78,0,0,1,0.0,19233.2
2016-07-05,87.29,0,0,0,0.0,21402.1
2016-07-06,90.96,0,0,0,0.0,27690.5
2016-07-07,90.06,0,0,0,0.0,29787.8
2016-07-08,85.18,0,0,0,0.0,29440.5
2016-07-09,70.32,1,0,0,0.0,27589.6
2016-07-10,79.74,0,1,0,0.0,20469.1
2016-07-11,80.28,0,0,0,0.0,21038.8
2016-07-12,82.34,0,0,0,0.0,24044.6
2016-07-13,83.38,0,0,0,0.0,26353.8
2016-07-14,88.37,0,0,0,0.0,28049.2
2016-07-15,89.69,0,0,0,0.0,29207.3
2016-07-16,89.36,1,0,0,0.0,29266.8
2016-07-17,89.52,0,1,0,0.0,25430.0
2016-07-18,92.38,0,0,0,0.0,26051.800000000007
2016-07-19,82.88,0,0,0,0.0,29854.3
2016-07-20,82.61,0,0,0,0.0,25370.7
2016-07-21,87.78,0,0,0,0.0,25492.1
2016-07-22,93.76,0,0,0,1.0,28406.8
2016-07-23,95.09,1,0,0,0.0,31263.8
2016-07-24,91.53,0,1,0,0.0,28376.7
2016-07-25,90.97,0,0,0,0.0,26854.1
2016-07-26,90.14,0,0,0,0.0,29363.6
2016-07-27,89.82,0,0,0,0.0,29566.6
2016-07-28,91.44,0,0,0,0.0,30137.1
2016-07-29,84.05,0,0,0,0.0,30274.6
2016-07-30,82.85,1,0,0,0.0,27854.3
2016-07-31,78.16,0,1,0,0.0,24479.4
2016-08-01,77.83,0,0,0,0.0,22844.5
2016-08-02,76.59,0,0,0,0.0,25084.7
2016-08-03,79.67,0,0,0,0.0,24219.4
2016-08-04,80.91,0,0,0,0.0,25269.10000000001
2016-08-05,82.76,0,0,0,0.0,26393.9
2016-08-06,87.91,1,0,0,0.0,26926.2
2016-08-07,86.67,0,1,0,0.0,26033.4
2016-08-08,83.37,0,0,0,0.0,24471.9
2016-08-09,86.41,0,0,0,0.0,26600.000000000004
2016-08-10,86.51,0,0,0,0.0,27975.7
2016-08-11,92.6,0,0,0,1.0,29539.6
2016-08-12,94.1,0,0,0,1.0,32187.5
2016-08-13,95.4,1,0,0,0.0,31572.5
2016-08-14,94.34,0,1,0,0.0,30683.6
2016-08-15,89.94,0,0,0,0.0,29096.6
2016-08-16,88.0,0,0,0,0.0,30025.200000000004
2016-08-17,84.57,0,0,0,0.0,30416.5
2016-08-18,84.82,0,0,0,0.0,28127.099999999995
2016-08-19,86.06,0,0,0,0.0,27798.7
2016-08-20,84.48,1,0,0,0.0,28365.1
2016-08-21,86.0,0,1,0,0.0,25471.7
2016-08-22,78.53,0,0,0,0.0,24689.2
2016-08-23,81.11,0,0,0,0.0,23258.1
2016-08-24,86.08,0,0,0,0.0,23699.0
2016-08-25,84.91,0,0,0,0.0,26551.6
2016-08-26,90.44,0,0,0,0.0,26530.500000000004
2016-08-27,86.81,1,0,0,0.0,29625.300000000007
2016-08-28,86.07,0,1,0,0.0,25385.7
2016-08-29,89.63,0,0,0,0.0,25730.2
2016-08-30,83.33,0,0,0,0.0,28685.4
2016-08-31,85.64,0,0,0,0.0,26689.300000000007
2016-09-01,77.29,0,0,0,0.0,26697.8
2016-09-02,79.57,0,0,0,0.0,24056.099999999995
2016-09-03,74.59,1,0,0,0.0,22747.7
2016-09-04,79.48,0,1,0,0.0,19017.5
2016-09-05,82.88,0,0,1,0.0,19732.7
2016-09-06,79.06,0,0,0,0.0,21416.9
2016-09-07,83.29,0,0,0,0.0,24342.6
2016-09-08,87.86,0,0,0,0.0,26795.7
2016-09-09,89.83,0,0,0,0.0,29092.500000000004
2016-09-10,88.59,1,0,0,0.0,29726.4
2016-09-11,82.23,0,1,0,0.0,27529.9
2016-09-12,76.59,0,0,0,0.0,22256.10000000001
2016-09-13,80.28,0,0,0,0.0,22327.5
2016-09-14,89.36,0,0,0,0.0,23714.4
2017-06-16,66.88,0,0,0,0.0,22048.5
2017-06-17,72.02,1,0,0,0.0,20819.4
2017-06-18,84.63,0,1,0,0.0,20767.3
2017-06-19,86.56,0,0,0,0.0,23897.6
2017-06-20,84.01,0,0,0,0.0,26295.399999999994
2017-06-21,84.46,0,0,0,0.0,24367.6
2017-06-22,82.76,0,0,0,0.0,24255.099999999995
2017-06-23,82.97,0,0,0,0.0,24782.700000000004
2017-06-24,84.93,1,0,0,0.0,25986.099999999995
2017-06-25,82.69,0,1,0,0.0,22821.4
2017-06-26,78.41,0,0,0,0.0,21108.800000000007
2017-06-27,76.65,0,0,0,0.0,22182.7
2017-06-28,79.35,0,0,0,0.0,21381.2
2017-06-29,82.31,0,0,0,0.0,21773.5
2017-06-30,88.57,0,0,0,0.0,23383.0
2017-07-01,82.11,1,0,0,0.0,26110.1
2017-07-02,88.65,0,1,0,0.0,22931.8
2017-07-03,87.83,0,0,0,0.0,24026.5
2017-07-04,84.79,0,0,1,0.0,25323.5
2017-07-05,83.0,0,0,0,0.0,22096.8
2017-07-06,77.08,0,0,0,0.0,25575.0
2017-07-07,80.8,0,0,0,0.0,23894.0
2017-07-08,84.51,1,0,0,0.0,24056.000000000004
2017-07-09,82.14,0,1,0,0.0,22837.9
2017-07-10,83.94,0,0,0,0.0,21667.800000000007
2017-07-11,85.07,0,0,0,0.0,25282.9
2017-07-12,88.91,0,0,0,0.0,27191.0
2017-07-13,91.22,0,0,0,0.0,28612.800000000007
2017-07-14,72.81,0,0,0,0.0,28041.4
2017-07-15,83.99,1,0,0,0.0,22319.8
2017-07-16,84.74,0,1,0,0.0,22217.2
2017-07-17,83.69,0,0,0,0.0,23858.7
2017-07-18,86.56,0,0,0,0.0,27051.1
2017-07-19,91.83,0,0,0,1.0,28283.900000000005
2017-07-20,93.44,0,0,0,1.0,29801.2
2017-07-21,90.91,0,0,0,1.0,29463.9
2017-07-22,88.02,1,0,0,0.0,29726.9
2017-07-23,78.58,0,1,0,0.0,25008.4
2017-07-24,72.95,0,0,0,0.0,22759.9
2017-07-25,70.23,0,0,0,0.0,21797.5
2017-07-26,75.86,0,0,0,0.0,20044.3
2017-07-27,76.85,0,0,0,0.0,22003.7
2017-07-28,82.16,0,0,0,0.0,22537.2
2017-07-29,75.85,1,0,0,0.0,24504.800000000007
2017-07-30,80.84,0,1,0,0.0,19071.4
2017-07-31,87.5,0,0,0,0.0,21151.0
2017-08-01,88.66,0,0,0,0.0,26436.4
2017-08-02,84.89,0,0,0,0.0,28125.0
2017-08-03,84.53,0,0,0,0.0,26766.7
2017-08-04,84.47,0,0,0,0.0,27599.6
2017-08-05,79.06,1,0,0,0.0,26655.300000000007
2017-08-06,75.25,0,1,0,0.0,21131.500000000004
2017-08-07,68.05,0,0,0,0.0,19099.1
2017-08-08,78.53,0,0,0,0.0,21135.4
2017-08-09,83.04,0,0,0,0.0,22093.0
2017-08-10,83.87,0,0,0,0.0,24313.2
2017-08-11,80.64,0,0,0,0.0,25392.7
2017-08-12,77.19,1,0,0,0.0,23754.4
2017-08-13,83.0,0,1,0,0.0,21390.8
2017-08-14,80.53,0,0,0,0.0,22536.7
2017-08-15,74.15,0,0,0,0.0,24202.7
2017-08-16,85.04,0,0,0,0.0,23383.5
2017-08-17,80.66,0,0,0,0.0,25623.700000000004
2017-08-18,82.33,0,0,0,0.0,24716.6
2017-08-19,86.6,1,0,0,0.0,26386.4
2017-08-20,82.53,0,1,0,0.0,24146.3
2017-08-21,86.1,0,0,0,0.0,22953.5
2017-08-22,89.27,0,0,0,0.0,26941.2
2017-08-23,80.45,0,0,0,0.0,29029.0
2017-08-24,79.29,0,0,0,0.0,24071.0
2017-08-25,76.76,0,0,0,0.0,22139.3
2017-08-26,76.35,1,0,0,0.0,21259.9
2017-08-27,76.14,0,1,0,0.0,18792.3
2017-08-28,74.18,0,0,0,0.0,18647.6
2017-08-29,66.62,0,0,0,0.0,20659.300000000007
2017-08-30,77.97,0,0,0,0.0,19663.8
2017-08-31,80.26,0,0,0,0.0,20960.7
2017-09-01,70.27,0,0,0,0.0,21633.100000000006
2017-09-02,66.67,1,0,0,0.0,18502.5
2017-09-03,70.21,0,1,0,0.0,16769.3
2017-09-04,80.35,0,0,1,0.0,17141.3
2017-09-05,85.34,0,0,0,0.0,19463.4
2017-09-06,69.41,0,0,0,0.0,23954.8
2017-09-07,72.25,0,0,0,0.0,20528.5
2017-09-08,70.59,0,0,0,0.0,19714.0
2017-09-09,68.38,1,0,0,0.0,18826.0
2017-09-10,72.33,0,1,0,0.0,17020.300000000007
2017-09-11,76.7,0,0,0,0.0,17715.4
2017-09-12,79.47,0,0,0,0.0,19842.1
2017-09-13,80.7,0,0,0,0.0,20884.7
2017-09-14,80.27,0,0,0,0.0,21802.6
2018-06-16,82.6,1,0,0,0.0,20328.6
2018-06-17,87.83,0,1,0,0.0,20797.6
2018-06-18,90.13,0,0,0,0.0,23168.6
2018-06-19,86.98,0,0,0,0.0,28224.500000000004
2018-06-20,81.05,0,0,0,0.0,26214.7
2018-06-21,83.0,0,0,0,0.0,23667.9
2018-06-22,72.91,0,0,0,0.0,24333.0
2018-06-23,66.71,1,0,0,0.0,21531.4
2018-06-24,83.24,0,1,0,0.0,17901.8
2018-06-25,80.49,0,0,0,0.0,20626.3
2018-06-26,75.17,0,0,0,0.0,22374.4
2018-06-27,72.66,0,0,0,0.0,22024.1
2018-06-28,82.22,0,0,0,0.0,20996.2
2018-06-29,89.42,0,0,0,0.0,24747.4
2018-06-30,92.07,1,0,0,0.0,27484.7
2018-07-01,94.46,0,1,0,0.0,27467.500000000004
2018-07-02,92.85,0,0,0,0.0,29750.1
2018-07-03,90.48,0,0,0,0.0,31468.700000000004
2018-07-04,86.31,0,0,1,0.0,30617.4
2018-07-05,88.26,0,0,0,0.0,27171.7
2018-07-06,81.32,0,0,0,0.0,30595.5
2018-07-07,75.06,1,0,0,0.0,25371.2
2018-07-08,81.39,0,1,0,0.0,19887.6
2018-07-09,86.38,0,0,0,0.0,21874.2
2018-07-10,92.06,0,0,0,0.0,26866.1
2018-07-11,85.75,0,0,0,0.0,28687.5
2018-07-12,82.33,0,0,0,0.0,26673.9
2018-07-13,82.73,0,0,0,0.0,25664.9
2018-07-14,88.34,1,0,0,0.0,26379.80000000001
2018-07-15,83.35,0,1,0,0.0,25353.6
2018-07-16,89.22,0,0,0,0.0,25853.4
2018-07-17,86.75,0,0,0,0.0,30969.100000000013
2018-07-18,83.53,0,0,0,0.0,28651.3
2018-07-19,80.78,0,0,0,0.0,25102.2
2018-07-20,80.3,0,0,0,0.0,24615.200000000004
2018-07-21,75.52,1,0,0,0.0,25549.30000000001
2018-07-22,79.71,0,1,0,0.0,21046.6
2018-07-23,81.08,0,0,0,0.0,23384.80000000001
2018-07-24,82.9,0,0,0,0.0,27077.7
2018-07-25,78.8,0,0,0,0.0,28034.8
2018-07-26,85.78,0,0,0,0.0,25623.000000000004
2018-07-27,86.09,0,0,0,0.0,27845.000000000004
2018-07-28,84.42,1,0,0,0.0,27445.700000000004
2018-07-29,81.47,0,1,0,0.0,24280.9
2018-07-30,78.22,0,0,0,0.0,22844.7
2018-07-31,79.93,0,0,0,0.0,23699.8
2018-08-01,86.68,0,0,0,0.0,25742.200000000004
2018-08-02,85.5,0,0,0,0.0,27928.9
2018-08-03,83.79,0,0,0,0.0,28606.9
2018-08-04,86.2,1,0,0,0.0,27429.5
2018-08-05,89.9,0,1,0,0.0,25646.6
2018-08-06,91.43,0,0,0,0.0,27674.0
2018-08-07,88.82,0,0,0,0.0,31359.5
2018-08-08,89.62,0,0,0,0.0,30195.2
2018-08-09,88.3,0,0,0,0.0,29772.600000000013
2018-08-10,86.85,0,0,0,0.0,29318.7
2018-08-11,78.21,1,0,0,0.0,27551.4
2018-08-12,81.91,0,1,0,0.0,21845.7
2018-08-13,75.27,0,0,0,0.0,24134.3
2018-08-14,80.64,0,0,0,0.0,23793.0
2018-08-15,87.68,0,0,0,0.0,25733.0
2018-08-16,88.58,0,0,0,0.0,28496.200000000004
2018-08-17,87.33,0,0,0,0.0,29714.0
2018-08-18,85.62,1,0,0,0.0,28964.6
2018-08-19,72.58,0,1,0,0.0,24523.1
2018-08-20,74.05,0,0,0,0.0,20391.8
2018-08-21,75.76,0,0,0,0.0,22754.2
2018-08-22,83.25,0,0,0,0.0,23515.2
2018-08-23,78.29,0,0,0,0.0,25017.8
2018-08-24,81.77,0,0,0,0.0,22569.3
2018-08-25,78.41,1,0,0,0.0,24281.6
2018-08-26,82.8,0,1,0,0.0,21417.8
2018-08-27,87.46,0,0,0,0.0,23563.9
2018-08-28,93.66,0,0,0,1.0,29063.3
2018-08-29,93.47,0,0,0,1.0,31942.6
2018-08-30,88.72,0,0,0,0.0,31940.7
2018-08-31,78.37,0,0,0,0.0,28346.1
2018-09-01,76.68,1,0,0,0.0,22969.2
2018-09-02,80.13,0,1,0,0.0,21712.6
2018-09-03,89.48,0,0,1,0.0,23443.0
2018-09-04,90.82,0,0,0,0.0,28206.8
2018-09-05,88.66,0,0,0,1.0,31268.1
2018-09-06,91.56,0,0,0,0.0,31520.4
2018-09-07,75.56,0,0,0,0.0,30752.500000000004
2018-09-08,70.75,1,0,0,0.0,23248.8
2018-09-09,61.92,0,1,0,0.0,18196.2
2018-09-10,63.94,0,0,0,0.0,17352.100000000002
2018-09-11,74.17,0,0,0,0.0,18869.4
2018-09-12,77.19,0,0,0,0.0,20768.9
2018-09-13,75.91,0,0,0,0.0,22443.7
2018-09-14,74.56,0,0,0,0.0,23212.30000000001
2019-06-16,80.39,0,1,0,0.0,17912.800000000007
2019-06-17,74.98,0,0,0,0.0,18467.4
2019-06-18,72.55,0,0,0,0.0,20936.000000000004
2019-06-19,69.76,0,0,0,0.0,20891.3
2019-06-20,76.27,0,0,0,0.0,20940.1
2019-06-21,77.57,0,0,0,0.0,21569.8
2019-06-22,80.95,1,0,0,0.0,20135.1
2019-06-23,84.07,0,1,0,0.0,18940.4
2019-06-24,83.09,0,0,0,0.0,20643.899999999994
2019-06-25,83.7,0,0,0,0.0,23429.8
2019-06-26,87.99,0,0,0,0.0,24707.0
2019-06-27,89.08,0,0,0,0.0,26276.7
2019-06-28,89.49,0,0,0,0.0,26780.7
2019-06-29,91.06,1,0,0,0.0,27294.8
2019-06-30,83.69,0,1,0,0.0,25382.1
2019-07-01,85.48,0,0,0,0.0,20921.3
2019-07-02,85.77,0,0,0,0.0,24984.9
2019-07-03,85.03,0,0,0,0.0,25516.2
2019-07-04,88.32,0,0,1,0.0,27155.1
2019-07-05,81.52,0,0,0,0.0,25322.4
2019-07-06,87.26,1,0,0,0.0,26995.500000000004
2019-07-07,82.76,0,1,0,0.0,25751.9
2019-07-08,77.51,0,0,0,0.0,23185.7
2019-07-09,87.3,0,0,0,0.0,24080.8
2019-07-10,87.53,0,0,0,0.0,26792.800000000007
2019-07-11,83.54,0,0,0,0.0,28665.800000000007
2019-07-12,87.53,0,0,0,0.0,27142.9
2019-07-13,86.2,1,0,0,0.0,26066.5
2019-07-14,89.6,0,1,0,0.0,24886.1
2019-07-15,85.76,0,0,0,0.0,25445.5
2019-07-16,90.19,0,0,0,0.0,27014.4
2019-07-17,91.86,0,0,0,0.0,29475.8
2019-07-18,80.43,0,0,0,0.0,29470.2
2019-07-19,90.38,0,0,0,0.0,27145.6
2019-07-20,95.84,1,0,0,1.0,29372.6
2019-07-21,97.32,0,1,0,1.0,30474.9
2019-07-22,87.46,0,0,0,0.0,30448.4
2019-07-23,74.41,0,0,0,0.0,27447.4
2019-07-24,82.39,0,0,0,0.0,22988.5
2019-07-25,83.5,0,0,0,0.0,24560.899999999994
2019-07-26,85.22,0,0,0,0.0,25125.4
2019-07-27,84.04,1,0,0,0.0,26428.000000000004
2019-07-28,89.98,0,1,0,0.0,24837.5
2019-07-29,90.3,0,0,0,1.0,26614.4
2019-07-30,91.13,0,0,0,0.0,30471.7
2019-07-31,85.86,0,0,0,0.0,30169.000000000004
2019-08-01,86.08,0,0,0,0.0,27834.9
2019-08-02,83.0,0,0,0,0.0,26826.9
2019-08-03,84.75,1,0,0,0.0,25930.9
2019-08-04,87.08,0,1,0,0.0,25018.300000000007
2019-08-05,81.01,0,0,0,0.0,24310.800000000007
2019-08-06,79.6,0,0,0,0.0,25419.0
2019-08-07,83.19,0,0,0,0.0,25176.1
2019-08-08,85.83,0,0,0,0.0,25942.8
2019-08-09,82.7,0,0,0,0.0,26207.3
2019-08-10,81.35,1,0,0,0.0,24087.1
2019-08-11,81.15,0,1,0,0.0,20592.1
2019-08-12,85.33,0,0,0,0.0,20778.300000000007
2019-08-13,77.92,0,0,0,0.0,25449.3
2019-08-14,79.81,0,0,0,0.0,24358.3
2019-08-15,81.17,0,0,0,0.0,24495.3
2019-08-16,79.5,0,0,0,0.0,25148.9
2019-08-17,85.08,1,0,0,0.0,24617.7
2019-08-18,88.73,0,1,0,0.0,24183.0
2019-08-19,89.58,0,0,0,0.0,26350.0
2019-08-20,87.16,0,0,0,0.0,28607.2
2019-08-21,87.16,0,0,0,0.0,27950.0
2019-08-22,89.82,0,0,0,0.0,28242.500000000004
2019-08-23,74.34,0,0,0,0.0,26995.1
2019-08-24,75.11,1,0,0,0.0,21358.5
2019-08-25,75.67,0,1,0,0.0,18622.6
2019-08-26,73.47,0,0,0,0.0,18708.1
2019-08-27,74.17,0,0,0,0.0,20576.000000000004
2019-08-28,73.56,0,0,0,0.0,20474.7
2019-08-29,82.04,0,0,0,0.0,21803.6
2019-08-30,85.74,0,0,0,0.0,22458.7
2019-08-31,80.72,1,0,0,0.0,23452.1
2019-09-01,76.37,0,1,0,0.0,19748.1
2019-09-02,74.63,0,0,1,0.0,18503.6
2019-09-03,80.88,0,0,0,0.0,20160.8
2019-09-04,85.67,0,0,0,0.0,23064.0
2019-09-05,74.69,0,0,0,0.0,24302.0
2019-09-06,66.88,0,0,0,0.0,20470.1
2019-09-07,75.65,1,0,0,0.0,18837.3
2019-09-08,76.93,0,1,0,0.0,17593.4
2019-09-09,77.06,0,0,0,0.0,18597.1
2019-09-10,76.05,0,0,0,0.0,20480.800000000007
2019-09-11,87.12,0,0,0,0.0,21391.7
2019-09-12,80.43,0,0,0,0.0,26156.3
2019-09-13,70.22,0,0,0,0.0,22065.6
2019-09-14,74.08,1,0,0,0.0,18725.0
